	tweet	user	user_statuses_count	user_followers	user_verified	fav_count	rt_count	date
0	@McrCr_ cant believe it man didnâ€™t get a touch	I	4201	16	False	0	0	2021-02-02 20:21:02
1	"@Not_the_Bee &gt; save all your toilet seats
&gt; become infamous by committing war crimes
&gt; kys
&gt; ??????
&gt; PROFIT!!!!!!!!"	Skull Wizard Dragon	12360	200	False	0	0	2021-02-02 20:20:54
2	@faiznutd their squad is ass you canâ€™t lose	I	4201	16	False	0	0	2021-02-02 20:20:31
3	@kys_pal Told u hed flop ğŸ˜­	ğŸ§¬	828	298	False	0	0	2021-02-02 20:20:15
4	@McrCr_ ffs fam	I	4201	16	False	0	0	2021-02-02 20:19:37
5	I hate when places take cash only ğŸ˜­	iamAIRWRECKA. â˜ºï¸	72243	1283	False	0	0	2021-02-02 20:18:27
6	RT @iannhaley: hay to the BOYS that keep begging a women to have sex with them after she said NO the first time,,, youre going to hell fyiâ€¦	Sage Arianna.	4749	310	False	0	10	2021-02-02 20:15:18
7	@6undys 20 days for fifa 20 i did like 31 dawg you really are a casual	I	4201	16	False	0	0	2021-02-02 20:12:25
8	@YduolcLe @CloudyLeRetour Its not as easy as you think to kys	@FlNlAN	31330	436	False	0	0	2021-02-02 20:10:32
9	real friendship is asking ur friends if theyre ok w kys jokes before making them	miz ğŸ« ceo of vampy door	20029	271	False	3	0	2021-02-02 20:08:19
10	"Like seriously fuck you ""sorry for the late reply"" late is like 4 hours. Unless you was kys, in a coma, all your tech was broke , fatal disease, family member died just let me be"	veryregularperson	649	6	False	0	0	2021-02-02 20:04:06
11	@mintinchat LMAO YES I say â€œkysâ€ to my friends all the time as a joke	ray/will ğŸ¦¦	7913	358	False	0	0	2021-02-02 20:04:05
12	@therealbadass_x @SherQuan_17 Lol right!	2021 fulla fuck too.	32576	2218	False	0	0	2021-02-02 20:02:26
13	@imdoingurmomma aha donâ€™t kys youâ€™re too sexy *smirks and bites lip*	â™¡	907	32	False	0	0	2021-02-02 20:01:18
14	@Arsenal cheers lads AFTV is gonna be amazing now https://t.co/kmspLU2kST	I	4201	16	False	0	0	2021-02-02 20:00:22
15	But if i tell U to kys ima be Wrong ğŸ˜•	â‹†Â¸*à³ƒâ˜¼ryn	5270	936	False	0	0	2021-02-02 19:59:31
16	@iKlSSIZUKU KYS ????? /j /lh	san â‚â¸â¸ŒÌ£Ê·Ì£Ì«â¸Ì£â¸Œâ‚ dick cheese !! âœ°	51003	578	False	1	0	2021-02-02 19:58:50
17	I started to like dream stans but the  qrts changed my mind. Telling Schlatt to kys because he used a copypasta of your precious dweam is so fucking dumb https://t.co/2zJGUdhzDD	casper ğŸ	946	65	False	4	0	2021-02-02 19:58:42
18	donâ€™t expect me to b the bigger person anymore i am DONE i will literally tell u to kys	madisen #blm	2428	222	False	0	0	2021-02-02 19:56:51
19	Never thought someone could be so shitty. Like just so absolutely heartless and shitty. I know I'm better off but like holy fuck what a terrible way to act #kys	Buster Highman	16158	368	False	0	0	2021-02-02 19:55:42
20	@WBA @eToro gallagher deserves better you ass club	I	4201	16	False	0	0	2021-02-02 19:54:56
21	how about you kys bestie ğŸ˜ https://t.co/8gXVNQuzmm	Sunny	9985	101	False	0	0	2021-02-02 19:54:26
22	"RT @Marcman55: Once I pay my credit cards off Iâ€™m ripping those shits up ğŸ˜‚
Donâ€™t need those demons rn"	iamAIRWRECKA. â˜ºï¸	72243	1283	False	0	4	2021-02-02 19:54:00
23	2018 was definitely one of my good years! https://t.co/d09UtNmNHH https://t.co/Chf4YKEFr6	2021 fulla fuck too.	32576	2218	False	1	0	2021-02-02 19:53:41
24	RT @_SeanKemp: So he donâ€™t see that iPhone right in front of him recording him?	iamAIRWRECKA. â˜ºï¸	72243	1283	False	0	1	2021-02-02 19:52:44
25	haha love the fact people be like omg dont kys and shit but then two seconds later there like go kys to a random like what are you on to think thats okay  like bro is the only way that your going to realize that its not okay to say that is when somebody actually kts bc of you??	Skylar ğŸ©¹â¤ï¸	2017	128	False	2	0	2021-02-02 19:52:30
26	Iâ€™m crying ğŸ¤£ğŸ¤£ğŸ¤£ğŸ¤£ https://t.co/wRTCQ5DQYH	iamAIRWRECKA. â˜ºï¸	72243	1283	False	0	0	2021-02-02 19:52:14
27	@_marzdoll bro idk who tf told ppl you had to be nice iâ€™ll tell u to kys no remorse like wtf did u think i was gonna say respect is mutual	karl	727	43	False	2	0	2021-02-02 19:50:13
28	RT @Chipette98: People need to realize that there is literally no secret code to making these men like you. Either they do or they donâ€™t. Mâ€¦	iamAIRWRECKA. â˜ºï¸	72243	1283	False	0	808	2021-02-02 19:49:16
29	I left my house for no reason	iamAIRWRECKA. â˜ºï¸	72243	1283	False	0	0	2021-02-02 19:48:12
30	"tw // self harm 
.
.
.
.
.
.
.
.
.
.
you kept saying she and women like her deserved domestic abuse, u called her racials slurs (like a looot and on every post talking abt her), and u slut-shamed her, so pls go ahead and kys u incel https://t.co/wzeDkpypf2"	ğŸˆğŸ Ë£	7756	844	False	3	0	2021-02-02 19:47:57
31	Still whoever made this i want you to kys https://t.co/N6QgiKqTq2	Luca	21224	336	False	1	0	2021-02-02 19:46:59
32	boys piss me off so much like kys	âœ¨ğŸªğŸ™ˆ	894	89	False	0	0	2021-02-02 19:46:47
33	@hazen_ping @ghost_km42 @dorothyofisrael @AuschwitzMuseum Imma just stop this here because this is clearly a troll account or burner account. If you got nothing better to do, kys. Imagine putting â€œblackâ€ in the burner bio ğŸ˜­ just be racist and proud bro.	ANTIFA District Manager	3750	417	False	2	0	2021-02-02 19:46:14
34	@quackjjun yes its just about my now habit on telling people to kys ğŸ’€	zen	10286	764	False	0	0	2021-02-02 19:46:13
35	uhm when you say you wanna kys as a joke in a gc, and then someone asks if your ok, donâ€™t act like itâ€™s funny, itâ€™s not	Roseã€°ï¸RT PINNED	5585	1572	False	0	0	2021-02-02 19:45:26
36	but when I tell them mfs to kys Iâ€™m the bad guy ğŸ™„ https://t.co/JwuDJRsOur	daeâ·á´®á´±	25704	523	False	1	0	2021-02-02 19:44:13
37	"RT @waneella_: Looks Like A Nice Place

https://t.co/7tKyPGPtdZ https://t.co/nehDKFi2N3"	kys	100	10	False	0	796	2021-02-02 19:43:52
38	@dazai_kys ME TOO ğŸ˜ğŸ˜ğŸ’”ğŸ’”ğŸ˜­ğŸ˜­	Ù‹star TAKEN RELEASED FROM JAIL	8992	1004	False	1	0	2021-02-02 19:43:43
39	RT @MetiNTBG: I kinda want to make a video about the really tall Resident Evil lady	Plat :)	1471	56	False	0	2	2021-02-02 19:43:13
40	hope u d!e !!!!! &lt;333 kys &lt;333333 https://t.co/O26AxofZuo	alaa?! â· â˜€ï¸	14661	612	False	3	0	2021-02-02 19:42:56
41	â€œunfollowing to 0 Reply for fb ğŸ¥ºğŸ¥ºâ€ kys ğŸ˜•	kenny ğŸŒ±	4287	112	False	8	0	2021-02-02 19:41:04
42	THIS IS ALL YOUR FUCKING FAULT EDUARDO HAGN KYS	ğŸ¥¤	682	117	False	6	1	2021-02-02 19:39:55
43	Look at Turkey Super Lig. Look at the injustice #UefaTurkishFootballCheckOver	GÃ¶lge	3717	218	False	0	0	2021-02-02 19:38:39
44	@jew__rat when u kys	lol	689	138	False	1	0	2021-02-02 19:36:00
45	you mfs are just plain weird trying to justify being racist and yâ€™all parents need to be stomped out too, kys! https://t.co/H7KoN9n1f8	â€â·	24421	145	False	0	0	2021-02-02 19:34:40
46	@digit4lbath_ @hun43dead donâ€™t kys u r sexy u will deprive the world	m	39525	2187	False	1	0	2021-02-02 19:34:39
47	i wish nothing but the WORST for the ref rn. kys https://t.co/rA96ByHlyj	6â€™1 w NO hoes ğŸ’¯// ğŸ‡µğŸ‡·ğŸ‡¨ğŸ‡´	11263	1066	False	0	0	2021-02-02 19:33:59
48	RT @ughhmedusa: how hard is it to shut tf up?? giving think pieces about a community youre not apart of..  if youre not black shut up, if yâ€¦	Symone ğŸ¦‚	157880	1745	False	0	5	2021-02-02 19:30:21
49	@DJSCHEME_ kys pls	liam towne	75	14	False	0	0	2021-02-02 19:26:02
50	I vibe with chowder	truc	3984	108	False	0	0	2021-02-02 19:24:56
51	RT @ughhmedusa: how hard is it to shut tf up?? giving think pieces about a community youre not apart of..  if youre not black shut up, if yâ€¦	Ori ğŸ‡¬ğŸ‡¾	2600	182	False	0	5	2021-02-02 19:24:27
52	"@SweetGummyGator @plankhandles I still get anon messages in my old email every so often telling me to kys from an incident years ago from popular wow folks.
it's a genuine fear. that stuff f*cks with a person hard. which makes it scarier to even speak up at all during events."	âœ¨Spooky Shadowlands Druid âœ¨	5086	127	False	1	0	2021-02-02 19:24:01
53	"tw// threats 

stop telling me/other people to kys, there are real people behind the account, and you never know what people are going through. Stop telling people that, its never ok. i have gotten many and it hurts and makes me feel non important. THEY  ARE REAL PEOPLE"	Â°â€¢gabsâ€¢Â°	422	85	False	0	0	2021-02-02 19:22:54
54	RT @ACSawyerJustice: I want us to keep talking about the fact that a 9-year-old Black girl was pepper-sprayed by police during a mental heaâ€¦	Dayana Kitcher Suarez	7434	51	False	0	97785	2021-02-02 19:22:16
55	@6undys you got all the foreigners inğŸ¤® not very brexit of you fella	I	4201	16	False	0	0	2021-02-02 19:21:39
56	@BN_TF2 @SyncedTF2 OOOOOOOOOOOOOOOOOO HE SAID THE KYS THINGY	Ayo?	26	1	False	1	0	2021-02-02 19:21:14
57	@kys_pal got rid of my english players too sigh	bundy	9894	284	False	0	0	2021-02-02 19:19:53
58	but if i tell you to kys imma be in the wrong?ğŸ˜© https://t.co/5btfxRd5Ll	liaâ·(yeonjuns gf)	2184	291	False	0	0	2021-02-02 19:18:19
59	RT @ughhmedusa: how hard is it to shut tf up?? giving think pieces about a community youre not apart of..  if youre not black shut up, if yâ€¦	Taylor ğŸ¦‹	11005	262	False	0	5	2021-02-02 19:17:14
60	RT @ughhmedusa: how hard is it to shut tf up?? giving think pieces about a community youre not apart of..  if youre not black shut up, if yâ€¦	ğ”ğ” ğ”–ğ”ğ”«ğ”±ğ” ğ”‘ğ”¢ğ”¤ğ”¯ğ”¦ğ”±ğ”	20274	661	False	0	5	2021-02-02 19:14:08
61	RT @ughhmedusa: how hard is it to shut tf up?? giving think pieces about a community youre not apart of..  if youre not black shut up, if yâ€¦	cee-jay	37355	510	False	0	5	2021-02-02 19:12:32
62	RT @blackishh_: You ever misspelled a word so bad  autocorrect don't even help you out.	Dayana Kitcher Suarez	7434	51	False	0	283	2021-02-02 19:10:28
63	RT @trini__ny: A Snow day in nyc â„ï¸ https://t.co/nPZcXxCrrY	Dayana Kitcher Suarez	7434	51	False	0	33617	2021-02-02 19:10:00
64	@bonandreas_ @BraindeadBasics @hnyleja @knoggaswrld Xd social reject kys	//127.0.0.1	1019	37	False	0	0	2021-02-02 19:08:57
65	@muichirolvr well we arent kys	fio hates chloe	6624	170	False	1	0	2021-02-02 19:07:23
66	pretending u donâ€™t wanna kys to the poor receptionist &gt;&gt;&gt; pretending to ur therapist	moth ğŸª tw	583	73	False	0	0	2021-02-02 19:05:43
67	RT @Prototype_Ti: Pre internet. Pre Google. Pre social media. Yâ€™all really canâ€™t even imagine.	Dayana Kitcher Suarez	7434	51	False	0	21595	2021-02-02 19:05:21
68	like yessss call people out for being â€œableistâ€ and then use slurs, threaten them and tell them â€œkysâ€!!! a hero for neurodivergent people everywhereee	aria~ğŸ¾	2818	83	False	1	0	2021-02-02 19:03:56
69	@amirkeal123 to the ref, in the words of Soso kys	GMBen	5490	537	False	0	0	2021-02-02 19:03:14
70	@WestHamDiscuss @pubIad kys mate	Michael ğŸ‡§ğŸ‡ªğŸ‡³ğŸ‡¬	4986	493	False	1	0	2021-02-02 19:02:38
71	@6undys jesus	I	4201	16	False	0	0	2021-02-02 19:00:23
72	kyle bestie don't be shy do us a favor and kys	Ù‹ thiriâ· ray's val | hobiuary	15079	1274	False	2	0	2021-02-02 18:59:13
73	RT @immanwrld: Iâ€™m so happy for her https://t.co/FiLPRahgrt	Dayana Kitcher Suarez	7434	51	False	0	3019	2021-02-02 18:58:24
74	VAR is the most corrupt thing ever. I hope they all gucking lose their jobs. Bastards. Kys.	AFCZNâ„¢ï¸	893	125	False	1	0	2021-02-02 18:58:10
75	Guys my first kys on twitter dot com https://t.co/8GrVbI5y2k	cam ğŸŒŸ	10069	62	False	0	0	2021-02-02 18:57:09
76	we say kys as a joke bc we all friends w each other for 2+ years n you straight up want someone to DIE lmao	rich	3175	213	False	0	0	2021-02-02 18:56:49
77	@jeonsrs dont kys, k!ll the other person ğŸ¥°	vâ· ğŸ¼ğŸŒ¿	34019	869	False	0	0	2021-02-02 18:56:39
78	@jscwrId KYS i think	mai	15695	268	False	0	0	2021-02-02 18:56:24
79	@kw98n KYS .. /j https://t.co/wIHKobyajR	kai ^__^	921	130	False	0	0	2021-02-02 18:55:55
80	"RT @hellom3lody: Dudes ghost u then B lik """"sry i was busyğŸ¥º!"""" Idc either,,respond or kys"	k	2742	240	False	0	4	2021-02-02 18:55:34
81	RT @noticemisenpaii: itâ€™s always â€˜i wanna marry uâ€™ never â€˜hereâ€™s $300 thanks for not kys todayâ€™ğŸ˜	izzy	15649	183	False	0	4	2021-02-02 18:55:32
82	"""Honey, I need u to be a weeb"""	Fafik	129	14	False	1	0	2021-02-02 18:55:08
83	how hard is it to shut tf up?? giving think pieces about a community youre not apart of..  if youre not black shut up, if youre not a lesbian shut up. either mind ya business or kys. i dont care.	venus	11207	8808	False	27	5	2021-02-02 18:54:55
84	RT @Chiiiigawd: If you eat FUCKIN COLESLAW literally stfu for the rest of your life. Never speak again kysâ€¼ï¸	Neon Black	5	2	False	0	1	2021-02-02 18:54:53
85	kys. ong ğŸ™ğŸ¼ https://t.co/KiPCOp60Be	â€Ù‹	8522	221	False	0	0	2021-02-02 18:54:43
86	@kys_pal if only i could fit him https://t.co/DVEdoxJCTr	bundy	9894	284	False	1	0	2021-02-02 18:52:12
87	@Kys_mommy14 We not paying that	Judee	59553	825	False	0	0	2021-02-02 18:51:20
88	@6undys they boosted him that much ğŸ˜®	I	4201	16	False	0	0	2021-02-02 18:51:00
89	THIS FUCKING SHITTY WHORE LEAGUE IS SO SHITTY PLEASE CREATE A SUPER LEAGUE SO WE CAN AVOID THESE FUCING FAT PRICK WHORE CANCER REFEREE FAGGOTS GO KYS PLS FUCK YOU	RunarGOAT ğŸ‡¸ğŸ‡ª |	655	169	False	0	0	2021-02-02 18:50:43
90	"@gqtoryt ""kys (f-slur)"" drained a 1400 as a 1200"	owo	256	4	False	0	0	2021-02-02 18:50:37
91	if u use bottom or vanilla as an insult kys	ğŸˆ	4505	66	False	0	0	2021-02-02 18:49:41
92	@Arsenal HES BACK	I	4201	16	False	0	0	2021-02-02 18:48:50
93	These narcissitic freaks love nothing more than talking about themselves, but as soon as someone else does it it is a moral problem, kys	Mr. Normal Guy (hello ğŸ‘‹)	10814	672	False	5	0	2021-02-02 18:45:57
94	@lesbian_wrath They didn't really care about your mental health when they told you like 80 times to kys....	nath â™€ï¸ğŸ‡¨ğŸ‡´	4327	1157	False	4	0	2021-02-02 18:45:30
95	@ProjectLincoln @GOPLeader If you are scared of what that bitch thinks ? KYS !ğŸ”¥ğŸ˜¡	Big Money	388	2	False	0	0	2021-02-02 18:45:12
96	RT @ghostistarve: if you see ur body type in chubspo threads and wanna kys then maybe you should be this outraged about fatspo too âœ‹ğŸ˜Œ	ê•¤ ooakey ê•¤ edtwt	90	30	False	0	1	2021-02-02 18:44:59
97	RT @DeeZaster7: @max_marxist @whatsonwatson1 @HPokelover Thatâ€™s not even an argument lmfao, hitler killed millions upon millions of ppl. Noâ€¦	Anirudh	2076	45	False	0	2	2021-02-02 18:43:59
98	Kys lol https://t.co/pYydg5QQoa	Mazin | Golden God SZN	4779	172	False	5	0	2021-02-02 18:41:59
99	"""is elliot your sister?"" kys"	soap connoisseur	210	18	False	5	0	2021-02-02 18:41:38
100	"cw // pedophilia , bullying , ship discourse , suicide &amp; death threats 

typical anti threats: a thread 

pedo/phile 
go to hell
get therapy 
iâ€™m calling the cops
disgusting 
kys 
freak 
weirdo
do us all a favor and die

add more, that was what i heard/seen but not limited."	ğŸ”ceo of okuyasu ğŸ’ğŸ’²ğŸ¬(last semester ğŸ¥²)	7057	155	False	0	0	2021-02-02 18:41:34
101	@Jonatha69166669 @adrianjclarke @Arsenal Basketball ğŸ˜‚ğŸ˜‚ğŸ˜‚ğŸ˜‚ğŸ˜‚ğŸ˜‚ğŸ˜‚ Go kys	Engji	659	26	False	0	0	2021-02-02 18:40:55
102	RT @yeojinthinker: you need to kys â€” and u need to MAMAR MINHA R0L4 SUA PUT4  https://t.co/NsRwXKvt0m	ryan	29083	816	False	0	13	2021-02-02 18:40:54
103	@TBELunaTic @Revex Your insults are so dead ğŸ˜‚ you could at least throw in a â€œkysâ€ but no. Let down honestly.	Callum Hall	90	6	False	0	0	2021-02-02 18:40:45
104	"Oh, of course, it's a real thing because neurodivergent people use it lol

Also, idgaf if you tell me to ""kys"", it's the internet https://t.co/ckChk0c4ID"	Media Madness Election Season â­ï¸ğŸŸ¥ğŸŒ¹ğŸŸ©ğŸ€ğŸŸ¢â¤ï¸ğŸ—ï¸ğŸ	3212	239	False	3	0	2021-02-02 18:39:02
105	"RT @hellom3lody: Dudes ghost u then B lik """"sry i was busyğŸ¥º!"""" Idc either,,respond or kys"	emmy	223	21	False	0	4	2021-02-02 18:37:53
106	@kys_rez wym thats extra flavor stupid and its free! god people like you i swear	Chiggward	2	2	False	0	0	2021-02-02 18:37:50
107	RT @noticemisenpaii: itâ€™s always â€˜i wanna marry uâ€™ never â€˜hereâ€™s $300 thanks for not kys todayâ€™ğŸ˜	zâ	1782	68	False	0	4	2021-02-02 18:37:16
108	RT @Chezneey_: I cringe so hard when I think about how I used to be. Not loving yourself has you accepting and doing the dumbest things	iamAIRWRECKA. â˜ºï¸	72243	1283	False	0	5561	2021-02-02 18:37:14
109	A guy told me to kys so i told him hes an idiot and reported him and i get chat banned wtf????????	Tsuiseki	1640	39	False	0	0	2021-02-02 18:36:02
110	neopronouns are something neurodivergent people use??, now if i told you to kÃ¿Å¡ i would be biphobic right https://t.co/QKlv0iYOb3 https://t.co/Z0AAuiXhiN	## venti `: ğŸ“º one piece	20676	3042	False	10	0	2021-02-02 18:35:27
111	@faiznutd @kys_pal Nah semado just shit	Aaron Wan-Bisska Junior	85	5	False	0	0	2021-02-02 18:35:26
112	@faiznutd heâ€™s so shit most wolves fans are finally seeing the light that heâ€™s ass	I	4201	16	False	1	0	2021-02-02 18:35:16
113	@kys_pal double nutmeg	Faizan	21362	5773	False	0	0	2021-02-02 18:34:25
114	RT @Erosistired: kys now â€” yeah no I wonâ€™t even respond to these anymore just so you know. dm me when you want to threaten me xx  https://tâ€¦	soomğŸŒ á´´á´¼á´¾á´±â·	5578	231	False	0	1	2021-02-02 18:33:28
115	@faiznutd na it was just semedo being complete ASS	I	4201	16	False	1	0	2021-02-02 18:33:26
116	@6undys ainâ€™t he 3 star 3 star tho	I	4201	16	False	0	0	2021-02-02 18:32:54
117	bring kys back https://t.co/ETHvjqahlh	sebastiÃ¡n	3684	62	False	0	0	2021-02-02 18:31:37
118	"RT @onednotfound: tw // death threats , suicide
-
-
-
-
pls dont ever tell someone to kys you have no idea how harmful it can be especiallyâ€¦"	mean lesbian	196	19	False	0	6	2021-02-02 18:31:00
119	@NevyVFX Where is i care please carefully kys?	Reformed Vlad	3507	376	False	0	0	2021-02-02 18:30:13
120	kys now â€” yeah no I wonâ€™t even respond to these anymore just so you know. dm me when you want to threaten me xx  https://t.co/zyKgysgQiA	Ù‹ERâ˜»Sâ˜€ï¸	22939	5299	False	1	1	2021-02-02 18:29:13
121	"RT @onednotfound: tw // death threats , suicide
-
-
-
-
pls dont ever tell someone to kys you have no idea how harmful it can be especiallyâ€¦"	âÌ©Í™ â‘Ì©Í™Ì©Í™ â‚Ì©Ì©Í™Í™ nadja â‚Ì©Ì©Í™Í™ â‘Ì©Í™Ì©Í™ âÌ©Í™	1591	562	False	0	6	2021-02-02 18:26:11
122	RT @KHSAA: One of the greatest lessons of high school sports is the power of teamwork. And the same is true when it comes to high school ofâ€¦	KYStandardSports	6088	1751	False	0	7	2021-02-02 18:24:33
123	"RT @onednotfound: tw // death threats , suicide
-
-
-
-
pls dont ever tell someone to kys you have no idea how harmful it can be especiallyâ€¦"	riverÂ²â¸ | #TCOE	6733	138	False	0	6	2021-02-02 18:22:26
124	"RT @hellom3lody: Dudes ghost u then B lik """"sry i was busyğŸ¥º!"""" Idc either,,respond or kys"	belle	1174	147	False	0	4	2021-02-02 18:22:20
125	If you eat FUCKIN COLESLAW literally stfu for the rest of your life. Never speak again kysâ€¼ï¸	LuhWeezy	215	20	False	0	1	2021-02-02 18:20:03
126	@HYFR_KYS Itâ€™s definitely hope! I didnâ€™t even think I was gonna get in one cf , but I use to pray to be loved properly like this and it happened ğŸ˜­ itâ€™s fairly new but he definitely shows me what I wasnâ€™t shown before .	mamas ğŸ’™	205808	1629	False	1	0	2021-02-02 18:19:40
127	@v__mo dropping morals over korean music.. kys	Ù‹	13873	1114	False	0	0	2021-02-02 18:19:37
128	"*Friends watching me winning in League* 

Friends: Claws tell them to kill themselves!
Me: /all kys
Friends: OMG CLAWS NO YOU'RE GONNA GET BANNED
Me: *Logs in League the next day* https://t.co/bRTye6M4Em"	Claws	75539	897	False	1	0	2021-02-02 18:19:36
129	"RT @onednotfound: tw // death threats , suicide
-
-
-
-
pls dont ever tell someone to kys you have no idea how harmful it can be especiallyâ€¦"	meils	3555	174	False	0	6	2021-02-02 18:19:34
130	"@DiamondDump @Big_Eeshaq3374 @cartoonietootie @PaulbutFoxy @penzny @JBustin9000 @CrystalTheCring @justamdog @rachelizzza @AstralOrbits kys.
(/j)"	CamCam	959	86	False	5	0	2021-02-02 18:19:26
131	RT @NaevisOddities: So inspired by @executivegoth and Mollymauk as a character. Long may he reign. #criticalrolefanart #polyhedraldice #molâ€¦	truc	3984	108	False	0	30	2021-02-02 18:18:34
132	not yâ€™all trying to get hit tweets out off this situation like what about you kys	Ù‹	8457	597	False	6	0	2021-02-02 18:18:05
133	"RT @onednotfound: tw // death threats , suicide
-
-
-
-
pls dont ever tell someone to kys you have no idea how harmful it can be especiallyâ€¦"	left boob is swag	45202	6643	False	0	6	2021-02-02 18:17:35
134	Hi online gaming is a different world. If you think youâ€™re getting mistreated just because you are a woman I promise you are wrong. You could be any age or gender and I assure you someone will still tell you to KYS lol not for the weak for sure https://t.co/1ZRq8e6naL	jade	153	20	False	2	0	2021-02-02 18:17:03
135	what does kys mean , some girl on snap said it to me lol	winiğŸ‡±ğŸ‡¸ğŸ‡®ğŸ‡ª	6678	1436	False	1	0	2021-02-02 18:16:04
136	"tw // death threats , suicide
-
-
-
-
pls dont ever tell someone to kys you have no idea how harmful it can be especially for someone who has struggled with suicidal thoughts"	meils â˜¾	14685	1386	False	28	6	2021-02-02 18:15:58
137	@Bby_Laflare @PatrickShelton_ @LukeBlankensh17 @KingJames Now imma mute you because this tweet says everything I need it to. Youâ€™re the most annoying person on Twitter. Kys https://t.co/CoE2wf7yTS	corey	416	5	False	0	0	2021-02-02 18:15:36
138	if hayley not ya fave TO girl then kys ğŸ˜	ZBğŸ’“	5827	431	False	0	0	2021-02-02 18:14:25
139	"what does kys mean?

people keep saying this and I dont understand"	ExplicitlyBruce	15434	251	False	0	0	2021-02-02 18:13:33
140	If your Mnk and stuck in plat 3/2 just kys	Kola	4520	198	False	0	0	2021-02-02 18:13:25
141	"tw: suicide, death threats

how can ppl say ""kys"" on the internet  so easily?? i cant do that,, i feel way too bad. no matter what anyone has done i wont tell them to k1ll themselves"	saman	2074	222	False	4	0	2021-02-02 18:09:06
142	@oh_aew it was about someone getting a very disturbing cc bc they talked shit about jonghyun. so then that person quoted that shit... and now i got a kys but it doesn't hurt me but you can always fight them	ara â˜… semi ia	4161	520	False	0	0	2021-02-02 18:08:47
143	Fuck you kys https://t.co/DivK5rp6oN	get rid of tiktok kpop stansáµ’áµ—Â²Â³	13902	309	False	0	0	2021-02-02 18:06:50
144	@Majd1LoL You can sit in my bmw m8 in 2 years np	sleeÏy	425	36	False	0	0	2021-02-02 18:06:29
145	"tw / suicide , dec 18
nothing rubs me the wrong way more than shawols telling people who say something bad abt jonghyun to ""kys""....like?? be mad @ them sure but you're not helping anything and it's so fucking hypocritical"	deanie â˜¾	8839	152	False	2	0	2021-02-02 18:06:18
146	@yutafit please that was ass... they posted a ss of them getting dts and asking if they should do that or no..like go kys idc ğŸ˜­ğŸ˜­	june	13915	774	False	0	0	2021-02-02 18:05:19
147	RT @debraduncan: Looking at my grandmaâ€™s yearbook from 1949 and Pat was...built differently https://t.co/iXsgZNnJGR	Dayana Kitcher Suarez	7434	51	False	0	26620	2021-02-02 18:05:12
148	@gnfobic i just walked from algebra to Orchestra kys	bri :) KORY DAYYYY	8022	444	False	1	0	2021-02-02 18:05:07
149	RT @Crystal_moni: Sleeping hopefully	iamAIRWRECKA. â˜ºï¸	72243	1283	False	0	5	2021-02-02 18:02:19
150	@Golden_Hippie Iâ€™m just gonna keep waiting for my turn cause yâ€™all make me have hope ğŸ’	iamAIRWRECKA. â˜ºï¸	72243	1283	False	1	0	2021-02-02 18:00:10
151	@HYFR_KYS ğŸ’™ğŸ’™ girl same I never been in a good relationship in my entire adulthood but this one def showed me what I been missing out on ğŸ¥º	mamas ğŸ’™	205808	1629	False	0	0	2021-02-02 17:59:16
152	"// Dec 18th 

But if I tell you to kys Iâ€™m wrong ?? https://t.co/jDaHGczj0C"	amberâ˜€ï¸	125690	850	False	1	0	2021-02-02 17:58:30
153	"RT @hellom3lody: Dudes ghost u then B lik """"sry i was busyğŸ¥º!"""" Idc either,,respond or kys"	xeno ^_^	2669	87	False	0	4	2021-02-02 17:58:25
154	I just be living through yâ€™all relationships. I love yâ€™all fr! ğŸ¥²	iamAIRWRECKA. â˜ºï¸	72243	1283	False	0	0	2021-02-02 17:57:43
155	Ugh love that ğŸ¥ºğŸ™ğŸ¾ https://t.co/5bFmIvYS3l	iamAIRWRECKA. â˜ºï¸	72243	1283	False	1	0	2021-02-02 17:57:05
156	and yeah iâ€™ve been depressed before... depressed to a really low point that iâ€™d rather not talk abt so when you say â€œoh your 100% depressed please donâ€™t kysâ€ itâ€™s kinda offensive please stop.	Obsidion	1503	94	False	2	0	2021-02-02 17:56:15
157	"Dudes ghost u then B lik """"sry i was busyğŸ¥º!"""" Idc either,,respond or kys"	buttercup	3312	459	False	25	4	2021-02-02 17:56:04
158	"welcome to the fucking kys zone
kill yourself zone"	inv0y	49	10	False	0	0	2021-02-02 17:49:47
159	AT THIS POINT U NEED TO KYS https://t.co/tOx8CNLME2	ğŸ”—	24462	329	False	0	0	2021-02-02 17:47:13
160	"@tencityhana that was it!!! it's like they're ""sensitive"" but absolutely disgusting at the same time, they'll call you out for saying a word THEY personally don't like while telling you to kys on the same breath"	annie	8855	322	False	1	0	2021-02-02 17:46:17
161	If you think Apple juice is better than orange juice kys .	Idgafaboutyou	63	9	False	0	0	2021-02-02 17:45:59
162	ay yo whoever sent me a dick pic kys	boi rem	1227	73	False	0	0	2021-02-02 17:45:25
163	@nonotcrystal kys instead	hoe	9	0	False	0	0	2021-02-02 17:45:02
164	RT @buffetgirls: white people gentrify the fuck out of aave and then say shit like â€œpeople who still say â€˜itâ€™s the blank for me are lameâ€™â€â€¦	The Promiscuous Pig	1455	2654	False	0	1	2021-02-02 17:42:48
165	RT @KIBUMTOELICKER: yeah we all must defend jonghyun on the internet but telling that person kys and stuff like that?? all the death threatâ€¦	emâ·âœœâ§–*	36131	204	False	0	1	2021-02-02 17:42:36
166	yeah we all must defend jonghyun on the internet but telling that person kys and stuff like that?? all the death threats..... please use your brain a little, this can do a lot of damage and what they did make me fucking mad too but think before your actions	jay ğŸ“	41988	457	False	3	1	2021-02-02 17:42:06
167	"@enhypenyoutube_ @kkambagim @BELIFTLAB @youtubemusic @YouTube @ENHYPEN Dear @BELIFTLAB, @youtubemusic, and @YouTube

It has come to our attention that ENHYPEN's YouTube Music account is not synced to their official YouTube channel. 

We will be patiently waiting for an immediate action to the situation. Thank you in advance. 

@ENHYPEN_members"	sabi	687	21	False	0	0	2021-02-02 17:41:54
168	RT @ASAPMOB: LONG LIVE J.SCOTT âœ¨â˜ï¸ğŸŒ¹ https://t.co/GzWgxdr1vY	ğŸ§›ğŸ¿â€â™‚ï¸AngelğŸ‘¨ğŸ¾â€ğŸ¤	2133	91	False	0	119	2021-02-02 17:41:19
169	white people gentrify the fuck out of aave and then say shit like â€œpeople who still say â€˜itâ€™s the blank for me are lameâ€™â€ nobody invited yâ€™all to start using aave anyways pls kys i hate you	taylar	113996	2521	False	2	1	2021-02-02 17:39:44
170	RT @mandytsune: Miruko x Jessica Rabbit, because I had to paint my fantasies ğŸ‘ŒğŸ» https://t.co/mDWPTVLtb3	Plat :)	1471	56	False	0	1092	2021-02-02 17:34:40
171	@kys_oursnshine DELFI ğŸ¥º https://t.co/fUCr6gokoU	â˜”ï¸luna's lala â™¡ï¸ *1st month with lala*	8225	102	False	0	0	2021-02-02 17:30:05
172	"clearing the searches is weird asf talking abt ""i never switched up"" well thts weird bc anybody with a brain would if someone said the n word in the most derogatory way possible, was ableist , and fatphobicğŸ¤¨. like if u didnt switch up before his apology, either get help or kys."	chittaphons bestie ğŸ˜ğŸ˜	2042	34	False	1	0	2021-02-02 17:28:58
173	whoever cleared searched for jisung/han.....kys	chittaphons bestie ğŸ˜ğŸ˜	2042	34	False	0	0	2021-02-02 17:27:54
174	10 years ago all you was doing was returning a bike ğŸ¥ºğŸ’” Keep on Resting Jamali ğŸ™ğŸ½	2021 fulla fuck too.	32576	2218	False	1	1	2021-02-02 17:27:18
175	@Kys_mommy14 These people are too proud...	Judee	59553	825	False	0	0	2021-02-02 17:26:56
176	INDIAN MEN KYS SHES NOT EVEN FROM OUR COUNTRY AND YET SHES TALKING ABOUT IT https://t.co/rr9XguviuJ	ì½¥ì‰	125392	2527	False	8	0	2021-02-02 17:26:50
177	WHY DO I SAY KYS AND KMS SO MUCH IT IS HURTING MY LIFE I DONT MEAN IT ITS JUST PART OF MY CHARACTER DIALOGUE I DONT MEAN IT!!!!!!!!!!!!	ğŸ—¯	1906	24	False	2	0	2021-02-02 17:25:32
178	"RT @anushkasaurus: Girls who do only fans: great ğŸ’…ğŸ¼ğŸ’ğŸ¼â€â™€ï¸
Girls who donâ€™t do only fans: great ğŸ’…ğŸ¼ğŸ’ğŸ¼â€â™€ï¸

But girls who make fun of girls doingâ€¦"	ruby ruby ruby	11896	268	False	0	14	2021-02-02 17:23:52
179	7th grader is professing her love for me in the chat while her friends tell her to kys suddenly im a boomer and idk how to read the chat! what chat? https://t.co/fhmKNZDFMA	the world ends with lu	3529	64	False	2	0	2021-02-02 17:22:37
180	RT @coreywolfen: Camera + the photos https://t.co/UTCJradkiD	à¸¢à¸±à¸¢à¸ˆà¸µà¹Šà¸”à¸”à¸” â™¡Â´ï½¥á´—ï½¥`â™¡	278958	284	False	0	9719	2021-02-02 17:20:54
181	@AbdullahAmeraAA @LikeStojakovic @BleacherReport Pls kys	dervoncitoğŸ‘¾ğŸ”†	894	46	False	1	0	2021-02-02 17:16:57
182	If i see one more ChOcKy MiLk tiktokğŸ˜ Like kys then the pain will go away corny fuckğŸ˜‘	HitMySlips	28	35	False	0	0	2021-02-02 17:15:08
183	"RT @beaaa_28: ARLETA AND BRANFORD AREA 
if anyone has seen my dog, she got out today in the morning. Her name is dior and she is friendly.â€¦"	lupeterğŸˆ	81	50	False	0	473	2021-02-02 17:14:53
184	You ever wanna just kys out of tiredness?	Ù‹	4481	9	False	0	0	2021-02-02 17:14:51
185	what does kys mean lads	Big Man	1090	70	False	0	0	2021-02-02 17:14:20
186	@Joggechan NOOO DONT KYS	Godgutten ğŸ»ğŸ‡³ğŸ‡´	1003	168	False	3	0	2021-02-02 17:12:25
187	@wheeinmple @kys_oursnshine spill the tea ahre	anto â€¢ rosÃ© solo	71213	2725	False	0	0	2021-02-02 17:11:33
188	"tw // sexual assault

????????? but if i say kys suddenly im the bad guy... https://t.co/Cm1Wl1oB2P"	fifi still waiting on haseul ğŸ˜ª | wv spoilers	2379	106	False	1	0	2021-02-02 17:10:06
189	Doesnâ€™t matter if youâ€™re a friend, mutual etc. I donâ€™t give a shit I canâ€™t stand that kind of idiotic behavior. You shouldnâ€™t tell someone to â€˜KYSâ€˜ you know how fucking wrong that is what if they do it in the end. YOU ARE the one to blame because you told the person to.Fucktards.	ğ”ğğŠğğğ–ğ.| SADISTIC HEADSPACE.	3107	426	False	4	0	2021-02-02 17:08:45
190	ARE YOU FUCKING DUMB PLEASE KYS https://t.co/QYa8dOXf9r	Ø³Ø¯Ø±Ûâ·âœœ	57007	972	False	0	0	2021-02-02 17:07:13
191	RT @mrsaltlovesu: if you have ever said boys will be boys unironically kys	cassie misses wilbur	753	55	False	0	1	2021-02-02 17:06:29
192	my pet peeve is asking me multiple fucking questions in a row and ill 100% say yes or no and nothing else like . kys	ğŸ”¥ğŸ”¥ğŸ”¥	1124	234	False	0	0	2021-02-02 17:06:02
193	@V4MPlREKOO But if i tell u to kys ima b wrongğŸ˜•	AJ | waiting for vlogcasğŸ“¹	22256	540	False	0	0	2021-02-02 17:04:59
194	@Dohkyvnqsoo Now if i tell you to kys....	MISHA RUINED MY LIFEç«èŠ±	8764	285	False	0	0	2021-02-02 17:04:01
195	Stfu go kys https://t.co/Ov8f9uIyuh	eattherich ğŸ”ªğŸ©¸ğŸ§½ğŸ	26788	342	False	10	0	2021-02-02 17:03:20
196	RT @guzmangrime: skilli lef all di way from st thomas guh clarendon guh shoot video inna di people dem plane? what a man like dis fada	iamAIRWRECKA. â˜ºï¸	72243	1283	False	0	37	2021-02-02 17:01:54
197	@KyleTreats @johnants2 @NamedMeme @EASPORTSCollege You canâ€™t tell people to kys	Quintus Newyearius	2835	439	False	0	0	2021-02-02 17:00:55
198	@jacquemus_baes kys pt. 2	gracie	5042	3384	False	0	0	2021-02-02 17:00:14
199	@SonneSummer @PS5Updates Remember Xbox has Zero Games for there new Console Launch, i mean how pathetic can someone like you be??, while I'm playing my games on PS5???, are you that sad and pathetic???, i can tell you have no friends and are worthless to society!!!, KYS	Taylor	119	6	False	0	0	2021-02-02 17:00:07
